147,121,0.5253247682885648,2.4465990738706513,3.7922458883867236,12 -> 114 -> 9 -> 119 -> 6 -> 0 -> 15 -> 1 -> 50 -> 120 -> 55 -> 4 -> 51 -> 123 -> 49 -> 56 -> 53 -> 44 -> 102 -> 43 -> 39 -> 34 -> 35 -> 36 -> 40 -> 13 -> 11 -> 30 -> 26 -> 29 -> 42 -> 33 -> 38 -> 41 -> 37 -> 25 -> 24 -> 32 -> 121 -> 27 -> 28 -> 31 -> 79 -> 78 -> 17 -> 76 -> 73 -> 72 -> 66 -> 67 -> 69 -> 68 -> 74 -> 75 -> 77 -> 116 -> 83 -> 80 -> 125 -> 81 -> 82 -> 101 -> 100 -> 97 -> 96 -> 122 -> 94 -> 92 -> 126 -> 106 -> 110 -> 111 -> 93 -> 45 -> 117 -> 47 -> 52 -> 48 -> 46 -> 54 -> 65 -> 112 -> 124 -> 88 -> 91 -> 98 -> 64 -> 103 -> 109 -> 108 -> 95 -> 118 -> 62 -> 87 -> 86 -> 85 -> 84 -> 70 -> 58 -> 59 -> 61 -> 60 -> 90 -> 57 -> 63 -> 99 -> 2 -> 89 -> 115 -> 10 -> 8 -> 7 -> 71 -> 18 -> 22 -> 23 -> 5 -> 105 -> 14 -> 107 -> 19 -> 16 -> 20 -> 21 -> 3 -> 113 -> 104 -> 12,129036.30822467599
147,108,0.4037610211995157,1.452769945240712,2.950275623176841,103 -> 58 -> 61 -> 60 -> 90 -> 57 -> 63 -> 99 -> 2 -> 89 -> 115 -> 59 -> 10 -> 8 -> 19 -> 16 -> 20 -> 21 -> 3 -> 22 -> 23 -> 107 -> 14 -> 105 -> 5 -> 113 -> 104 -> 6 -> 119 -> 9 -> 114 -> 12 -> 49 -> 50 -> 1 -> 0 -> 15 -> 13 -> 40 -> 29 -> 26 -> 30 -> 11 -> 35 -> 36 -> 34 -> 39 -> 42 -> 33 -> 38 -> 37 -> 25 -> 24 -> 32 -> 121 -> 27 -> 28 -> 31 -> 41 -> 43 -> 44 -> 102 -> 53 -> 56 -> 120 -> 55 -> 51 -> 123 -> 4 -> 18 -> 71 -> 7 -> 73 -> 72 -> 66 -> 17 -> 76 -> 78 -> 79 -> 77 -> 75 -> 74 -> 68 -> 69 -> 70 -> 67 -> 95 -> 108 -> 109 -> 86 -> 87 -> 85 -> 84 -> 118 -> 62 -> 116 -> 83 -> 80 -> 125 -> 81 -> 82 -> 101 -> 100 -> 97 -> 96 -> 122 -> 94 -> 92 -> 126 -> 106 -> 110 -> 111 -> 93 -> 45 -> 48 -> 117 -> 47 -> 52 -> 46 -> 54 -> 65 -> 112 -> 64 -> 98 -> 91 -> 88 -> 124 -> 103,131013.38614019204
147,100,0.40831596770139944,2.204557217582182,4.099582052354841,26 -> 30 -> 11 -> 13 -> 40 -> 29 -> 42 -> 33 -> 38 -> 41 -> 37 -> 25 -> 24 -> 32 -> 121 -> 27 -> 28 -> 31 -> 79 -> 78 -> 76 -> 17 -> 18 -> 71 -> 7 -> 8 -> 10 -> 113 -> 104 -> 6 -> 119 -> 9 -> 114 -> 12 -> 49 -> 50 -> 1 -> 15 -> 0 -> 35 -> 36 -> 34 -> 39 -> 44 -> 102 -> 43 -> 53 -> 56 -> 120 -> 55 -> 4 -> 51 -> 123 -> 54 -> 46 -> 48 -> 52 -> 117 -> 47 -> 45 -> 93 -> 111 -> 110 -> 106 -> 126 -> 92 -> 94 -> 122 -> 96 -> 97 -> 100 -> 101 -> 62 -> 118 -> 95 -> 108 -> 109 -> 84 -> 85 -> 86 -> 87 -> 103 -> 124 -> 88 -> 91 -> 98 -> 64 -> 112 -> 65 -> 63 -> 57 -> 99 -> 2 -> 89 -> 115 -> 59 -> 61 -> 60 -> 90 -> 58 -> 66 -> 72 -> 73 -> 67 -> 75 -> 77 -> 116 -> 83 -> 80 -> 125 -> 81 -> 82 -> 74 -> 68 -> 69 -> 70 -> 20 -> 21 -> 3 -> 22 -> 23 -> 5 -> 105 -> 14 -> 107 -> 19 -> 16 -> 26,127536.2754760288
147,100,0.3320602249599245,1.894773411256417,4.249658382462443,34 -> 39 -> 42 -> 33 -> 38 -> 37 -> 25 -> 26 -> 30 -> 11 -> 13 -> 40 -> 29 -> 41 -> 121 -> 27 -> 32 -> 24 -> 28 -> 31 -> 81 -> 82 -> 125 -> 80 -> 83 -> 116 -> 77 -> 75 -> 74 -> 68 -> 69 -> 70 -> 67 -> 72 -> 73 -> 17 -> 76 -> 78 -> 79 -> 16 -> 20 -> 21 -> 3 -> 22 -> 23 -> 5 -> 105 -> 14 -> 107 -> 19 -> 113 -> 104 -> 6 -> 119 -> 9 -> 2 -> 99 -> 57 -> 63 -> 90 -> 60 -> 61 -> 59 -> 115 -> 89 -> 58 -> 66 -> 7 -> 71 -> 18 -> 8 -> 10 -> 51 -> 123 -> 55 -> 120 -> 4 -> 49 -> 12 -> 114 -> 0 -> 15 -> 36 -> 35 -> 50 -> 56 -> 53 -> 43 -> 44 -> 102 -> 47 -> 46 -> 52 -> 117 -> 48 -> 45 -> 93 -> 111 -> 110 -> 106 -> 126 -> 92 -> 94 -> 122 -> 96 -> 97 -> 100 -> 101 -> 62 -> 118 -> 95 -> 108 -> 109 -> 84 -> 85 -> 86 -> 87 -> 103 -> 124 -> 88 -> 91 -> 98 -> 64 -> 112 -> 65 -> 54 -> 1 -> 34,130286.52566644653
147,129,0.3399400858670378,0.7993776022364794,4.105544995504577,67 -> 70 -> 109 -> 84 -> 85 -> 86 -> 87 -> 108 -> 95 -> 118 -> 62 -> 101 -> 100 -> 97 -> 96 -> 122 -> 94 -> 92 -> 126 -> 106 -> 111 -> 110 -> 93 -> 45 -> 46 -> 48 -> 52 -> 117 -> 47 -> 53 -> 56 -> 50 -> 12 -> 114 -> 119 -> 6 -> 104 -> 113 -> 5 -> 105 -> 14 -> 107 -> 19 -> 3 -> 21 -> 20 -> 16 -> 71 -> 7 -> 66 -> 72 -> 73 -> 17 -> 76 -> 79 -> 78 -> 11 -> 13 -> 40 -> 35 -> 36 -> 34 -> 39 -> 42 -> 33 -> 38 -> 41 -> 37 -> 25 -> 24 -> 32 -> 121 -> 27 -> 31 -> 28 -> 30 -> 26 -> 29 -> 102 -> 44 -> 43 -> 0 -> 15 -> 1 -> 49 -> 4 -> 120 -> 51 -> 123 -> 55 -> 54 -> 65 -> 64 -> 88 -> 91 -> 98 -> 103 -> 124 -> 58 -> 61 -> 59 -> 89 -> 115 -> 90 -> 60 -> 63 -> 57 -> 99 -> 112 -> 2 -> 9 -> 10 -> 8 -> 22 -> 23 -> 18 -> 75 -> 77 -> 116 -> 83 -> 80 -> 125 -> 81 -> 82 -> 74 -> 68 -> 69 -> 67,134960.46681247785
153,117,0.5461450618599475,2.35172742013669,4.486338281315488,99 -> 57 -> 63 -> 90 -> 60 -> 61 -> 59 -> 115 -> 89 -> 58 -> 66 -> 67 -> 70 -> 69 -> 68 -> 74 -> 75 -> 77 -> 116 -> 83 -> 80 -> 125 -> 81 -> 82 -> 100 -> 101 -> 62 -> 118 -> 108 -> 95 -> 84 -> 85 -> 86 -> 87 -> 109 -> 103 -> 124 -> 88 -> 91 -> 98 -> 64 -> 112 -> 65 -> 54 -> 46 -> 48 -> 117 -> 47 -> 52 -> 45 -> 93 -> 110 -> 111 -> 106 -> 126 -> 92 -> 94 -> 122 -> 96 -> 97 -> 24 -> 32 -> 121 -> 27 -> 28 -> 31 -> 79 -> 78 -> 76 -> 17 -> 73 -> 72 -> 71 -> 7 -> 8 -> 10 -> 113 -> 104 -> 6 -> 119 -> 9 -> 2 -> 23 -> 5 -> 105 -> 14 -> 107 -> 19 -> 16 -> 20 -> 21 -> 3 -> 22 -> 18 -> 12 -> 114 -> 49 -> 50 -> 56 -> 53 -> 44 -> 102 -> 43 -> 34 -> 39 -> 42 -> 33 -> 38 -> 41 -> 37 -> 25 -> 26 -> 30 -> 11 -> 13 -> 40 -> 29 -> 35 -> 36 -> 15 -> 0 -> 1 -> 120 -> 4 -> 55 -> 123 -> 51 -> 99,128115.42593182073
147,103,0.5481260766316761,2.977986125057484,3.5541282790230255,114 -> 12 -> 49 -> 50 -> 1 -> 15 -> 0 -> 6 -> 119 -> 9 -> 2 -> 89 -> 115 -> 59 -> 61 -> 60 -> 90 -> 57 -> 63 -> 99 -> 112 -> 124 -> 88 -> 91 -> 98 -> 64 -> 103 -> 109 -> 84 -> 85 -> 86 -> 87 -> 108 -> 95 -> 118 -> 62 -> 101 -> 100 -> 97 -> 96 -> 122 -> 94 -> 92 -> 126 -> 106 -> 110 -> 111 -> 93 -> 45 -> 117 -> 47 -> 52 -> 48 -> 46 -> 54 -> 65 -> 123 -> 51 -> 4 -> 55 -> 120 -> 56 -> 53 -> 44 -> 102 -> 43 -> 39 -> 34 -> 36 -> 35 -> 40 -> 13 -> 11 -> 30 -> 26 -> 29 -> 42 -> 33 -> 38 -> 41 -> 37 -> 25 -> 24 -> 32 -> 121 -> 27 -> 28 -> 31 -> 79 -> 78 -> 77 -> 116 -> 83 -> 80 -> 125 -> 81 -> 82 -> 74 -> 68 -> 69 -> 70 -> 67 -> 72 -> 73 -> 17 -> 76 -> 75 -> 20 -> 16 -> 19 -> 107 -> 5 -> 105 -> 14 -> 104 -> 113 -> 10 -> 8 -> 23 -> 22 -> 3 -> 21 -> 18 -> 71 -> 7 -> 66 -> 58 -> 114,127192.9280294658
158,100,0.296943679172142,1.9557623956013124,3.113781347985667,46 -> 52 -> 48 -> 117 -> 47 -> 45 -> 93 -> 111 -> 110 -> 106 -> 126 -> 92 -> 94 -> 122 -> 96 -> 97 -> 100 -> 101 -> 62 -> 118 -> 95 -> 108 -> 109 -> 84 -> 85 -> 86 -> 87 -> 103 -> 124 -> 88 -> 91 -> 98 -> 64 -> 112 -> 65 -> 54 -> 123 -> 51 -> 4 -> 55 -> 120 -> 56 -> 53 -> 44 -> 102 -> 43 -> 39 -> 34 -> 36 -> 35 -> 40 -> 13 -> 11 -> 30 -> 26 -> 29 -> 42 -> 33 -> 38 -> 41 -> 37 -> 25 -> 24 -> 32 -> 121 -> 27 -> 28 -> 31 -> 116 -> 83 -> 80 -> 125 -> 81 -> 82 -> 78 -> 79 -> 77 -> 75 -> 74 -> 68 -> 69 -> 70 -> 67 -> 72 -> 73 -> 76 -> 17 -> 20 -> 16 -> 19 -> 107 -> 23 -> 22 -> 3 -> 21 -> 18 -> 71 -> 7 -> 66 -> 58 -> 61 -> 59 -> 115 -> 89 -> 60 -> 90 -> 57 -> 63 -> 99 -> 2 -> 9 -> 119 -> 6 -> 0 -> 15 -> 1 -> 50 -> 49 -> 12 -> 114 -> 113 -> 104 -> 14 -> 105 -> 5 -> 10 -> 8 -> 46,126514.08706860777
159,100,0.3088244803526226,1.7606362076098627,3.238330241962299,15 -> 0 -> 6 -> 119 -> 9 -> 114 -> 12 -> 49 -> 50 -> 1 -> 120 -> 55 -> 4 -> 51 -> 123 -> 54 -> 65 -> 112 -> 124 -> 88 -> 91 -> 98 -> 64 -> 103 -> 109 -> 108 -> 95 -> 87 -> 86 -> 85 -> 84 -> 118 -> 62 -> 27 -> 121 -> 32 -> 24 -> 28 -> 31 -> 79 -> 78 -> 76 -> 17 -> 71 -> 7 -> 18 -> 3 -> 21 -> 20 -> 16 -> 19 -> 107 -> 14 -> 105 -> 5 -> 23 -> 22 -> 113 -> 104 -> 10 -> 8 -> 2 -> 99 -> 57 -> 63 -> 90 -> 60 -> 61 -> 59 -> 115 -> 89 -> 58 -> 66 -> 72 -> 73 -> 67 -> 70 -> 69 -> 68 -> 74 -> 75 -> 77 -> 116 -> 83 -> 80 -> 125 -> 81 -> 82 -> 101 -> 100 -> 97 -> 96 -> 122 -> 94 -> 92 -> 126 -> 106 -> 110 -> 111 -> 93 -> 45 -> 117 -> 47 -> 52 -> 48 -> 46 -> 56 -> 53 -> 44 -> 102 -> 43 -> 39 -> 42 -> 33 -> 38 -> 41 -> 37 -> 25 -> 26 -> 30 -> 11 -> 13 -> 40 -> 29 -> 35 -> 36 -> 34 -> 15,129812.97868487511
147,100,0.43559947926094744,3.0,4.421636867426469,69 -> 68 -> 74 -> 75 -> 77 -> 116 -> 83 -> 80 -> 125 -> 81 -> 82 -> 101 -> 100 -> 97 -> 96 -> 122 -> 94 -> 92 -> 126 -> 106 -> 110 -> 111 -> 93 -> 45 -> 117 -> 47 -> 52 -> 48 -> 46 -> 54 -> 65 -> 112 -> 124 -> 88 -> 91 -> 98 -> 64 -> 103 -> 109 -> 108 -> 95 -> 118 -> 62 -> 87 -> 86 -> 85 -> 84 -> 58 -> 61 -> 60 -> 90 -> 57 -> 63 -> 99 -> 2 -> 89 -> 115 -> 59 -> 10 -> 8 -> 23 -> 5 -> 105 -> 14 -> 107 -> 19 -> 16 -> 20 -> 21 -> 3 -> 22 -> 18 -> 71 -> 7 -> 66 -> 72 -> 73 -> 17 -> 76 -> 78 -> 79 -> 26 -> 30 -> 11 -> 13 -> 40 -> 29 -> 42 -> 33 -> 38 -> 41 -> 37 -> 25 -> 24 -> 32 -> 121 -> 27 -> 28 -> 31 -> 35 -> 36 -> 34 -> 39 -> 43 -> 44 -> 102 -> 53 -> 56 -> 120 -> 55 -> 4 -> 51 -> 123 -> 0 -> 15 -> 1 -> 50 -> 49 -> 12 -> 114 -> 9 -> 119 -> 6 -> 104 -> 113 -> 67 -> 70 -> 69,132018.84771959376
147,118,0.579730255965323,2.289183891402825,3.2242722477379497,112 -> 124 -> 88 -> 91 -> 98 -> 64 -> 103 -> 58 -> 59 -> 61 -> 60 -> 90 -> 63 -> 57 -> 99 -> 2 -> 9 -> 119 -> 6 -> 0 -> 15 -> 1 -> 50 -> 49 -> 12 -> 114 -> 113 -> 104 -> 14 -> 107 -> 19 -> 16 -> 20 -> 21 -> 3 -> 22 -> 23 -> 5 -> 105 -> 8 -> 10 -> 18 -> 71 -> 7 -> 66 -> 72 -> 73 -> 76 -> 17 -> 78 -> 79 -> 77 -> 116 -> 83 -> 80 -> 125 -> 81 -> 82 -> 31 -> 28 -> 32 -> 24 -> 121 -> 27 -> 25 -> 26 -> 30 -> 11 -> 13 -> 40 -> 29 -> 42 -> 33 -> 38 -> 41 -> 37 -> 35 -> 36 -> 34 -> 39 -> 43 -> 102 -> 44 -> 53 -> 56 -> 120 -> 4 -> 55 -> 123 -> 51 -> 54 -> 65 -> 46 -> 48 -> 52 -> 117 -> 47 -> 45 -> 93 -> 111 -> 110 -> 106 -> 126 -> 92 -> 94 -> 122 -> 96 -> 97 -> 100 -> 101 -> 62 -> 118 -> 95 -> 108 -> 109 -> 84 -> 85 -> 86 -> 87 -> 69 -> 68 -> 74 -> 75 -> 67 -> 70 -> 115 -> 89 -> 112,131419.01314641832
147,127,0.34112318238737094,1.589374826225039,4.686575442752714,103 -> 124 -> 88 -> 91 -> 98 -> 64 -> 112 -> 65 -> 54 -> 46 -> 48 -> 117 -> 47 -> 45 -> 93 -> 111 -> 110 -> 106 -> 126 -> 92 -> 94 -> 122 -> 96 -> 97 -> 31 -> 121 -> 27 -> 32 -> 24 -> 28 -> 78 -> 79 -> 76 -> 17 -> 20 -> 16 -> 19 -> 107 -> 5 -> 105 -> 14 -> 104 -> 113 -> 10 -> 8 -> 23 -> 22 -> 3 -> 21 -> 18 -> 71 -> 7 -> 66 -> 72 -> 73 -> 67 -> 70 -> 69 -> 68 -> 74 -> 75 -> 77 -> 116 -> 83 -> 80 -> 125 -> 81 -> 82 -> 100 -> 101 -> 62 -> 118 -> 95 -> 108 -> 109 -> 84 -> 86 -> 87 -> 85 -> 58 -> 59 -> 61 -> 60 -> 90 -> 63 -> 57 -> 99 -> 2 -> 9 -> 119 -> 6 -> 0 -> 15 -> 36 -> 35 -> 34 -> 39 -> 42 -> 33 -> 38 -> 41 -> 37 -> 25 -> 26 -> 30 -> 29 -> 40 -> 13 -> 11 -> 12 -> 114 -> 49 -> 50 -> 1 -> 56 -> 53 -> 43 -> 44 -> 102 -> 52 -> 55 -> 123 -> 51 -> 4 -> 120 -> 89 -> 115 -> 103,131934.12573304801
162,100,0.3772870389099727,1.5939760107728533,4.392582707559968,2 -> 99 -> 63 -> 57 -> 90 -> 60 -> 61 -> 59 -> 115 -> 89 -> 58 -> 103 -> 124 -> 91 -> 88 -> 98 -> 64 -> 112 -> 65 -> 54 -> 46 -> 48 -> 117 -> 47 -> 52 -> 45 -> 93 -> 111 -> 110 -> 106 -> 126 -> 92 -> 94 -> 122 -> 96 -> 97 -> 100 -> 101 -> 62 -> 118 -> 95 -> 108 -> 109 -> 84 -> 85 -> 86 -> 87 -> 67 -> 70 -> 69 -> 68 -> 74 -> 75 -> 77 -> 116 -> 83 -> 80 -> 125 -> 81 -> 82 -> 31 -> 28 -> 32 -> 24 -> 121 -> 27 -> 37 -> 38 -> 41 -> 33 -> 42 -> 39 -> 34 -> 35 -> 36 -> 40 -> 13 -> 11 -> 30 -> 26 -> 25 -> 29 -> 79 -> 78 -> 76 -> 17 -> 66 -> 72 -> 73 -> 9 -> 119 -> 6 -> 0 -> 15 -> 1 -> 50 -> 56 -> 53 -> 44 -> 102 -> 43 -> 120 -> 4 -> 55 -> 123 -> 51 -> 49 -> 12 -> 114 -> 10 -> 8 -> 23 -> 22 -> 3 -> 21 -> 18 -> 71 -> 7 -> 16 -> 20 -> 19 -> 14 -> 105 -> 5 -> 107 -> 113 -> 104 -> 2,129061.53557446961
147,100,0.3443209260568899,3.0,4.441029454396624,35 -> 36 -> 34 -> 39 -> 42 -> 33 -> 38 -> 41 -> 37 -> 25 -> 26 -> 30 -> 11 -> 13 -> 40 -> 29 -> 0 -> 15 -> 1 -> 50 -> 56 -> 53 -> 44 -> 102 -> 43 -> 123 -> 51 -> 55 -> 120 -> 4 -> 49 -> 12 -> 114 -> 9 -> 119 -> 6 -> 104 -> 113 -> 10 -> 8 -> 22 -> 23 -> 5 -> 105 -> 14 -> 107 -> 19 -> 16 -> 20 -> 21 -> 3 -> 18 -> 71 -> 7 -> 66 -> 72 -> 73 -> 17 -> 76 -> 78 -> 79 -> 77 -> 116 -> 83 -> 80 -> 125 -> 81 -> 82 -> 100 -> 101 -> 62 -> 118 -> 95 -> 108 -> 109 -> 84 -> 85 -> 86 -> 87 -> 68 -> 74 -> 75 -> 67 -> 70 -> 69 -> 61 -> 60 -> 90 -> 57 -> 63 -> 99 -> 2 -> 89 -> 115 -> 59 -> 58 -> 103 -> 124 -> 88 -> 91 -> 98 -> 64 -> 112 -> 65 -> 54 -> 46 -> 48 -> 52 -> 117 -> 47 -> 45 -> 93 -> 111 -> 110 -> 106 -> 126 -> 92 -> 94 -> 122 -> 96 -> 97 -> 31 -> 28 -> 32 -> 121 -> 27 -> 24 -> 35,128189.07691515054
158,103,0.35418331885944887,2.333100045924441,4.845284651135785,24 -> 32 -> 121 -> 27 -> 28 -> 31 -> 79 -> 78 -> 76 -> 17 -> 20 -> 16 -> 19 -> 107 -> 5 -> 105 -> 14 -> 104 -> 113 -> 10 -> 8 -> 23 -> 22 -> 3 -> 21 -> 18 -> 71 -> 7 -> 66 -> 72 -> 73 -> 67 -> 70 -> 69 -> 68 -> 74 -> 75 -> 77 -> 116 -> 83 -> 80 -> 125 -> 81 -> 82 -> 101 -> 100 -> 97 -> 96 -> 122 -> 94 -> 92 -> 126 -> 106 -> 110 -> 111 -> 93 -> 45 -> 117 -> 47 -> 52 -> 48 -> 46 -> 54 -> 65 -> 112 -> 124 -> 88 -> 91 -> 98 -> 64 -> 103 -> 109 -> 108 -> 95 -> 118 -> 62 -> 85 -> 84 -> 86 -> 87 -> 58 -> 61 -> 59 -> 115 -> 89 -> 60 -> 90 -> 57 -> 63 -> 99 -> 2 -> 9 -> 119 -> 12 -> 114 -> 49 -> 4 -> 55 -> 123 -> 51 -> 120 -> 56 -> 53 -> 43 -> 44 -> 102 -> 50 -> 1 -> 15 -> 0 -> 6 -> 35 -> 36 -> 34 -> 39 -> 42 -> 33 -> 38 -> 41 -> 37 -> 25 -> 26 -> 30 -> 11 -> 13 -> 40 -> 29 -> 24,128881.47261245182
153,100,0.3711395434121053,1.3152131098636552,4.210216138457429,112 -> 124 -> 88 -> 91 -> 98 -> 64 -> 103 -> 109 -> 86 -> 87 -> 85 -> 84 -> 108 -> 95 -> 118 -> 62 -> 67 -> 70 -> 69 -> 68 -> 74 -> 75 -> 77 -> 116 -> 83 -> 80 -> 125 -> 82 -> 81 -> 101 -> 100 -> 97 -> 96 -> 122 -> 94 -> 92 -> 126 -> 106 -> 110 -> 111 -> 93 -> 45 -> 48 -> 117 -> 47 -> 52 -> 46 -> 54 -> 65 -> 51 -> 123 -> 55 -> 4 -> 120 -> 56 -> 53 -> 43 -> 44 -> 102 -> 41 -> 38 -> 37 -> 25 -> 24 -> 32 -> 121 -> 27 -> 28 -> 31 -> 79 -> 78 -> 17 -> 76 -> 73 -> 72 -> 66 -> 7 -> 71 -> 18 -> 22 -> 23 -> 107 -> 19 -> 16 -> 20 -> 21 -> 3 -> 5 -> 105 -> 14 -> 104 -> 113 -> 10 -> 8 -> 2 -> 9 -> 119 -> 6 -> 0 -> 15 -> 1 -> 50 -> 49 -> 12 -> 114 -> 35 -> 36 -> 34 -> 39 -> 42 -> 33 -> 30 -> 11 -> 13 -> 40 -> 29 -> 26 -> 90 -> 58 -> 61 -> 60 -> 59 -> 115 -> 89 -> 57 -> 63 -> 99 -> 112,132674.45082907134
147,100,0.4569860555928941,1.9434768816194936,3.758914436373612,1 -> 50 -> 120 -> 55 -> 4 -> 51 -> 123 -> 54 -> 65 -> 112 -> 64 -> 124 -> 88 -> 91 -> 98 -> 103 -> 109 -> 84 -> 85 -> 86 -> 87 -> 108 -> 95 -> 118 -> 62 -> 101 -> 100 -> 97 -> 96 -> 122 -> 94 -> 92 -> 126 -> 106 -> 111 -> 110 -> 93 -> 45 -> 117 -> 47 -> 52 -> 48 -> 46 -> 44 -> 102 -> 43 -> 53 -> 56 -> 26 -> 30 -> 11 -> 13 -> 40 -> 29 -> 42 -> 33 -> 38 -> 41 -> 37 -> 25 -> 24 -> 32 -> 121 -> 27 -> 28 -> 31 -> 82 -> 81 -> 125 -> 80 -> 83 -> 116 -> 77 -> 75 -> 74 -> 68 -> 69 -> 70 -> 67 -> 72 -> 73 -> 66 -> 20 -> 16 -> 19 -> 107 -> 5 -> 105 -> 14 -> 104 -> 113 -> 10 -> 8 -> 23 -> 22 -> 3 -> 21 -> 18 -> 71 -> 7 -> 17 -> 76 -> 78 -> 79 -> 39 -> 34 -> 35 -> 36 -> 15 -> 0 -> 6 -> 119 -> 9 -> 2 -> 99 -> 57 -> 63 -> 90 -> 60 -> 61 -> 59 -> 115 -> 89 -> 58 -> 12 -> 114 -> 49 -> 1,129140.61864500029
147,100,0.24650567046505792,1.9098886726778201,4.746197864972443,2 -> 9 -> 119 -> 12 -> 114 -> 49 -> 50 -> 1 -> 15 -> 0 -> 6 -> 104 -> 113 -> 10 -> 8 -> 7 -> 71 -> 18 -> 21 -> 3 -> 22 -> 23 -> 5 -> 105 -> 14 -> 107 -> 19 -> 16 -> 20 -> 17 -> 76 -> 73 -> 72 -> 66 -> 67 -> 70 -> 69 -> 68 -> 74 -> 75 -> 77 -> 116 -> 83 -> 80 -> 125 -> 81 -> 82 -> 79 -> 78 -> 26 -> 30 -> 11 -> 13 -> 40 -> 29 -> 41 -> 38 -> 37 -> 25 -> 24 -> 32 -> 121 -> 27 -> 28 -> 31 -> 96 -> 97 -> 100 -> 101 -> 62 -> 118 -> 95 -> 108 -> 109 -> 84 -> 86 -> 87 -> 85 -> 103 -> 124 -> 88 -> 91 -> 98 -> 64 -> 112 -> 65 -> 54 -> 46 -> 52 -> 48 -> 117 -> 47 -> 45 -> 93 -> 111 -> 110 -> 106 -> 126 -> 92 -> 94 -> 122 -> 42 -> 33 -> 35 -> 36 -> 34 -> 39 -> 43 -> 44 -> 102 -> 53 -> 56 -> 120 -> 4 -> 55 -> 123 -> 51 -> 99 -> 57 -> 63 -> 90 -> 89 -> 115 -> 59 -> 61 -> 60 -> 58 -> 2,126897.64256985077
156,100,0.36732085772747414,2.6906503193506364,4.575635281265132,4 -> 55 -> 120 -> 56 -> 53 -> 44 -> 102 -> 43 -> 34 -> 39 -> 42 -> 33 -> 38 -> 41 -> 37 -> 25 -> 26 -> 30 -> 11 -> 13 -> 40 -> 35 -> 36 -> 15 -> 0 -> 6 -> 119 -> 9 -> 114 -> 12 -> 49 -> 50 -> 1 -> 29 -> 32 -> 121 -> 27 -> 28 -> 31 -> 24 -> 78 -> 79 -> 76 -> 17 -> 20 -> 16 -> 19 -> 107 -> 5 -> 105 -> 14 -> 104 -> 113 -> 10 -> 8 -> 23 -> 22 -> 3 -> 21 -> 18 -> 71 -> 7 -> 66 -> 72 -> 73 -> 67 -> 70 -> 69 -> 68 -> 74 -> 75 -> 77 -> 116 -> 83 -> 80 -> 125 -> 81 -> 82 -> 101 -> 100 -> 97 -> 96 -> 122 -> 94 -> 92 -> 126 -> 106 -> 110 -> 111 -> 93 -> 45 -> 117 -> 47 -> 52 -> 48 -> 46 -> 54 -> 65 -> 112 -> 124 -> 88 -> 91 -> 98 -> 64 -> 103 -> 109 -> 108 -> 95 -> 118 -> 62 -> 87 -> 85 -> 84 -> 86 -> 58 -> 59 -> 61 -> 60 -> 90 -> 57 -> 63 -> 99 -> 2 -> 89 -> 115 -> 51 -> 123 -> 4,131199.7241506793
167,130,0.4805574183595727,3.0,3.590598772141322,75 -> 77 -> 116 -> 83 -> 80 -> 125 -> 81 -> 82 -> 101 -> 100 -> 97 -> 96 -> 122 -> 94 -> 92 -> 126 -> 106 -> 110 -> 111 -> 93 -> 45 -> 117 -> 47 -> 52 -> 48 -> 46 -> 54 -> 65 -> 112 -> 124 -> 88 -> 91 -> 98 -> 64 -> 63 -> 57 -> 99 -> 2 -> 9 -> 119 -> 6 -> 0 -> 15 -> 36 -> 35 -> 34 -> 39 -> 42 -> 33 -> 38 -> 41 -> 37 -> 25 -> 26 -> 30 -> 11 -> 13 -> 40 -> 29 -> 24 -> 32 -> 121 -> 27 -> 28 -> 31 -> 79 -> 78 -> 76 -> 17 -> 73 -> 72 -> 66 -> 7 -> 71 -> 18 -> 21 -> 3 -> 22 -> 23 -> 5 -> 105 -> 14 -> 104 -> 113 -> 10 -> 8 -> 107 -> 19 -> 16 -> 20 -> 1 -> 50 -> 56 -> 53 -> 44 -> 102 -> 43 -> 120 -> 4 -> 55 -> 123 -> 51 -> 49 -> 12 -> 114 -> 89 -> 115 -> 59 -> 61 -> 60 -> 90 -> 58 -> 103 -> 109 -> 84 -> 85 -> 86 -> 87 -> 108 -> 95 -> 118 -> 62 -> 74 -> 68 -> 69 -> 70 -> 67 -> 75,127387.9980447602
157,100,0.4108852581571443,2.3053815665184274,2.917690491636653,46 -> 48 -> 117 -> 47 -> 52 -> 45 -> 93 -> 110 -> 111 -> 106 -> 126 -> 92 -> 94 -> 122 -> 96 -> 97 -> 28 -> 31 -> 121 -> 27 -> 32 -> 24 -> 79 -> 78 -> 76 -> 17 -> 20 -> 16 -> 19 -> 107 -> 14 -> 105 -> 5 -> 23 -> 22 -> 3 -> 21 -> 18 -> 71 -> 7 -> 8 -> 10 -> 113 -> 104 -> 6 -> 0 -> 15 -> 1 -> 50 -> 56 -> 53 -> 44 -> 102 -> 43 -> 39 -> 42 -> 33 -> 38 -> 41 -> 37 -> 25 -> 26 -> 30 -> 11 -> 13 -> 40 -> 29 -> 35 -> 36 -> 34 -> 120 -> 4 -> 55 -> 123 -> 51 -> 49 -> 12 -> 114 -> 9 -> 119 -> 2 -> 99 -> 57 -> 63 -> 90 -> 60 -> 61 -> 59 -> 115 -> 89 -> 58 -> 66 -> 72 -> 73 -> 67 -> 69 -> 70 -> 68 -> 74 -> 75 -> 77 -> 116 -> 83 -> 80 -> 125 -> 81 -> 82 -> 101 -> 100 -> 62 -> 118 -> 95 -> 108 -> 109 -> 84 -> 85 -> 86 -> 87 -> 103 -> 124 -> 88 -> 91 -> 98 -> 64 -> 112 -> 65 -> 54 -> 46,125538.9359973593
165,103,0.38033218348395725,1.6503219153844058,3.119294893598673,113 -> 104 -> 14 -> 105 -> 5 -> 107 -> 19 -> 16 -> 20 -> 21 -> 3 -> 22 -> 23 -> 8 -> 10 -> 18 -> 71 -> 7 -> 89 -> 115 -> 59 -> 61 -> 60 -> 90 -> 57 -> 63 -> 99 -> 2 -> 9 -> 119 -> 6 -> 0 -> 15 -> 36 -> 35 -> 34 -> 39 -> 42 -> 33 -> 38 -> 37 -> 25 -> 29 -> 40 -> 13 -> 11 -> 30 -> 26 -> 79 -> 78 -> 76 -> 17 -> 73 -> 72 -> 66 -> 70 -> 67 -> 69 -> 68 -> 74 -> 75 -> 77 -> 116 -> 83 -> 80 -> 125 -> 81 -> 82 -> 100 -> 101 -> 62 -> 118 -> 95 -> 108 -> 109 -> 84 -> 85 -> 86 -> 87 -> 103 -> 58 -> 124 -> 88 -> 91 -> 98 -> 64 -> 112 -> 65 -> 54 -> 46 -> 48 -> 52 -> 117 -> 47 -> 45 -> 93 -> 111 -> 110 -> 106 -> 126 -> 92 -> 94 -> 122 -> 96 -> 97 -> 28 -> 31 -> 27 -> 121 -> 32 -> 24 -> 41 -> 1 -> 50 -> 56 -> 53 -> 44 -> 102 -> 43 -> 120 -> 55 -> 4 -> 51 -> 123 -> 114 -> 12 -> 49 -> 113,128499.7715767933
163,101,0.2079621192602948,2.2754939426021616,3.3584448953784416,29 -> 26 -> 30 -> 11 -> 13 -> 40 -> 35 -> 36 -> 34 -> 39 -> 42 -> 33 -> 38 -> 41 -> 37 -> 25 -> 24 -> 32 -> 121 -> 27 -> 28 -> 31 -> 79 -> 78 -> 77 -> 116 -> 83 -> 80 -> 125 -> 81 -> 82 -> 101 -> 100 -> 97 -> 96 -> 122 -> 94 -> 92 -> 126 -> 106 -> 110 -> 111 -> 93 -> 45 -> 117 -> 47 -> 52 -> 48 -> 46 -> 54 -> 65 -> 112 -> 124 -> 88 -> 91 -> 98 -> 64 -> 103 -> 109 -> 108 -> 95 -> 118 -> 62 -> 86 -> 87 -> 85 -> 84 -> 70 -> 69 -> 68 -> 74 -> 75 -> 67 -> 72 -> 73 -> 76 -> 17 -> 20 -> 16 -> 19 -> 107 -> 14 -> 105 -> 5 -> 23 -> 22 -> 3 -> 21 -> 18 -> 71 -> 7 -> 66 -> 58 -> 61 -> 59 -> 115 -> 89 -> 60 -> 90 -> 57 -> 63 -> 99 -> 2 -> 10 -> 8 -> 113 -> 104 -> 6 -> 119 -> 9 -> 114 -> 12 -> 49 -> 50 -> 56 -> 53 -> 44 -> 102 -> 43 -> 120 -> 55 -> 4 -> 51 -> 123 -> 1 -> 15 -> 0 -> 29,128446.41627634334
153,103,0.3421545766402041,1.8758870130386343,2.8891869882372427,13 -> 40 -> 29 -> 26 -> 30 -> 11 -> 19 -> 16 -> 20 -> 21 -> 3 -> 22 -> 23 -> 5 -> 105 -> 14 -> 107 -> 18 -> 71 -> 7 -> 8 -> 10 -> 113 -> 104 -> 6 -> 119 -> 9 -> 114 -> 12 -> 49 -> 50 -> 1 -> 56 -> 53 -> 44 -> 102 -> 43 -> 120 -> 55 -> 4 -> 51 -> 123 -> 54 -> 65 -> 112 -> 124 -> 88 -> 91 -> 98 -> 64 -> 103 -> 109 -> 108 -> 95 -> 118 -> 62 -> 85 -> 84 -> 86 -> 87 -> 70 -> 67 -> 69 -> 68 -> 74 -> 75 -> 77 -> 116 -> 83 -> 80 -> 125 -> 81 -> 82 -> 101 -> 100 -> 97 -> 96 -> 122 -> 94 -> 92 -> 126 -> 106 -> 110 -> 111 -> 93 -> 45 -> 117 -> 47 -> 52 -> 48 -> 46 -> 2 -> 89 -> 115 -> 59 -> 61 -> 60 -> 90 -> 57 -> 63 -> 99 -> 58 -> 66 -> 72 -> 73 -> 17 -> 76 -> 78 -> 79 -> 121 -> 27 -> 28 -> 31 -> 32 -> 24 -> 25 -> 37 -> 38 -> 41 -> 33 -> 42 -> 39 -> 34 -> 35 -> 36 -> 15 -> 0 -> 13,131158.32366394426
152,107,0.17896467621330187,2.2052047751106274,3.05998839455287,84 -> 86 -> 87 -> 85 -> 109 -> 108 -> 95 -> 118 -> 62 -> 101 -> 100 -> 97 -> 96 -> 122 -> 94 -> 92 -> 126 -> 106 -> 110 -> 111 -> 93 -> 45 -> 117 -> 47 -> 52 -> 48 -> 46 -> 54 -> 65 -> 112 -> 124 -> 88 -> 91 -> 98 -> 64 -> 103 -> 58 -> 61 -> 60 -> 90 -> 57 -> 63 -> 99 -> 2 -> 9 -> 119 -> 6 -> 0 -> 15 -> 1 -> 50 -> 56 -> 53 -> 44 -> 102 -> 43 -> 39 -> 42 -> 33 -> 38 -> 41 -> 37 -> 25 -> 26 -> 30 -> 11 -> 13 -> 40 -> 29 -> 35 -> 36 -> 34 -> 120 -> 55 -> 4 -> 51 -> 123 -> 49 -> 12 -> 114 -> 113 -> 104 -> 14 -> 105 -> 5 -> 107 -> 19 -> 16 -> 20 -> 21 -> 3 -> 22 -> 23 -> 18 -> 71 -> 7 -> 8 -> 10 -> 89 -> 115 -> 59 -> 66 -> 67 -> 70 -> 69 -> 68 -> 74 -> 75 -> 77 -> 116 -> 83 -> 80 -> 125 -> 81 -> 82 -> 31 -> 28 -> 32 -> 121 -> 27 -> 24 -> 79 -> 78 -> 76 -> 17 -> 73 -> 72 -> 84,130446.96781327731
168,103,0.22713516228719846,1.6123953171622811,3.417958186383676,31 -> 28 -> 32 -> 121 -> 27 -> 24 -> 79 -> 78 -> 76 -> 17 -> 20 -> 16 -> 19 -> 107 -> 14 -> 105 -> 5 -> 23 -> 22 -> 3 -> 21 -> 18 -> 71 -> 7 -> 66 -> 72 -> 73 -> 67 -> 70 -> 69 -> 68 -> 74 -> 75 -> 77 -> 116 -> 83 -> 80 -> 125 -> 81 -> 82 -> 101 -> 100 -> 97 -> 96 -> 122 -> 94 -> 92 -> 126 -> 106 -> 110 -> 111 -> 93 -> 45 -> 48 -> 117 -> 47 -> 52 -> 46 -> 54 -> 65 -> 112 -> 124 -> 103 -> 98 -> 91 -> 88 -> 64 -> 123 -> 51 -> 4 -> 55 -> 120 -> 56 -> 53 -> 44 -> 102 -> 43 -> 34 -> 39 -> 42 -> 33 -> 38 -> 41 -> 37 -> 25 -> 26 -> 30 -> 11 -> 13 -> 40 -> 29 -> 35 -> 36 -> 15 -> 1 -> 50 -> 49 -> 12 -> 114 -> 9 -> 119 -> 6 -> 0 -> 104 -> 113 -> 10 -> 8 -> 2 -> 99 -> 63 -> 57 -> 90 -> 60 -> 61 -> 59 -> 115 -> 89 -> 58 -> 109 -> 84 -> 85 -> 86 -> 87 -> 108 -> 95 -> 118 -> 62 -> 31,127261.58091832207
167,100,0.40110505366765037,2.3290960011271986,3.3253929460249267,111 -> 110 -> 106 -> 126 -> 92 -> 94 -> 122 -> 96 -> 97 -> 100 -> 101 -> 62 -> 118 -> 108 -> 95 -> 87 -> 86 -> 85 -> 84 -> 109 -> 103 -> 124 -> 88 -> 91 -> 98 -> 64 -> 112 -> 65 -> 54 -> 123 -> 51 -> 4 -> 55 -> 120 -> 49 -> 12 -> 114 -> 9 -> 119 -> 6 -> 0 -> 15 -> 1 -> 50 -> 56 -> 53 -> 44 -> 102 -> 43 -> 39 -> 42 -> 33 -> 38 -> 41 -> 37 -> 25 -> 26 -> 30 -> 11 -> 13 -> 40 -> 35 -> 36 -> 34 -> 29 -> 24 -> 32 -> 121 -> 27 -> 28 -> 31 -> 116 -> 83 -> 80 -> 125 -> 81 -> 82 -> 77 -> 75 -> 74 -> 68 -> 69 -> 70 -> 67 -> 72 -> 73 -> 66 -> 58 -> 61 -> 59 -> 115 -> 89 -> 60 -> 90 -> 57 -> 63 -> 99 -> 2 -> 10 -> 8 -> 23 -> 22 -> 3 -> 21 -> 18 -> 71 -> 7 -> 17 -> 76 -> 78 -> 79 -> 20 -> 16 -> 19 -> 107 -> 5 -> 105 -> 14 -> 104 -> 113 -> 46 -> 48 -> 52 -> 117 -> 47 -> 45 -> 93 -> 111,126669.75806989342
151,110,0.3579952507044061,1.777424327409603,2.936372064216192,55 -> 120 -> 4 -> 49 -> 114 -> 12 -> 119 -> 6 -> 0 -> 15 -> 1 -> 50 -> 56 -> 53 -> 44 -> 102 -> 43 -> 39 -> 34 -> 36 -> 35 -> 40 -> 13 -> 11 -> 30 -> 26 -> 29 -> 42 -> 33 -> 38 -> 41 -> 37 -> 25 -> 24 -> 32 -> 121 -> 27 -> 28 -> 31 -> 116 -> 83 -> 80 -> 125 -> 81 -> 82 -> 101 -> 100 -> 97 -> 96 -> 122 -> 94 -> 92 -> 126 -> 106 -> 110 -> 111 -> 93 -> 45 -> 48 -> 117 -> 47 -> 52 -> 46 -> 54 -> 65 -> 112 -> 124 -> 88 -> 91 -> 98 -> 64 -> 103 -> 109 -> 108 -> 95 -> 118 -> 62 -> 85 -> 84 -> 86 -> 87 -> 70 -> 67 -> 72 -> 73 -> 17 -> 76 -> 78 -> 79 -> 77 -> 75 -> 74 -> 68 -> 69 -> 20 -> 16 -> 19 -> 107 -> 5 -> 105 -> 14 -> 104 -> 113 -> 10 -> 8 -> 23 -> 22 -> 3 -> 21 -> 18 -> 71 -> 7 -> 66 -> 115 -> 89 -> 58 -> 59 -> 61 -> 60 -> 90 -> 57 -> 63 -> 99 -> 2 -> 9 -> 51 -> 123 -> 55,129566.82119106618
154,107,0.3061380733690981,1.8951481499713125,2.9189438422662546,20 -> 16 -> 19 -> 107 -> 5 -> 105 -> 14 -> 104 -> 113 -> 6 -> 119 -> 9 -> 2 -> 99 -> 57 -> 63 -> 90 -> 60 -> 61 -> 59 -> 115 -> 89 -> 58 -> 66 -> 72 -> 73 -> 67 -> 70 -> 69 -> 68 -> 74 -> 75 -> 77 -> 116 -> 83 -> 80 -> 125 -> 81 -> 82 -> 101 -> 100 -> 62 -> 118 -> 95 -> 108 -> 109 -> 84 -> 85 -> 86 -> 87 -> 103 -> 124 -> 88 -> 91 -> 98 -> 64 -> 112 -> 65 -> 54 -> 46 -> 48 -> 117 -> 47 -> 52 -> 45 -> 93 -> 111 -> 110 -> 106 -> 126 -> 92 -> 94 -> 122 -> 96 -> 97 -> 31 -> 28 -> 24 -> 32 -> 121 -> 27 -> 37 -> 25 -> 26 -> 30 -> 11 -> 13 -> 40 -> 29 -> 42 -> 33 -> 38 -> 41 -> 39 -> 34 -> 35 -> 36 -> 0 -> 15 -> 1 -> 50 -> 56 -> 53 -> 44 -> 102 -> 43 -> 120 -> 4 -> 55 -> 123 -> 51 -> 49 -> 12 -> 114 -> 10 -> 8 -> 7 -> 71 -> 18 -> 3 -> 21 -> 22 -> 23 -> 17 -> 76 -> 78 -> 79 -> 20,124781.43601228338
168,100,0.22164091973689642,1.8590662584229243,2.9656353306335106,62 -> 118 -> 95 -> 108 -> 109 -> 85 -> 84 -> 86 -> 87 -> 69 -> 70 -> 67 -> 72 -> 73 -> 17 -> 76 -> 78 -> 79 -> 77 -> 116 -> 83 -> 80 -> 125 -> 81 -> 82 -> 101 -> 100 -> 97 -> 96 -> 122 -> 94 -> 92 -> 126 -> 106 -> 110 -> 111 -> 93 -> 45 -> 117 -> 47 -> 52 -> 48 -> 46 -> 54 -> 65 -> 112 -> 124 -> 88 -> 91 -> 98 -> 64 -> 103 -> 58 -> 61 -> 59 -> 115 -> 89 -> 60 -> 90 -> 57 -> 63 -> 99 -> 2 -> 9 -> 114 -> 12 -> 49 -> 50 -> 1 -> 15 -> 0 -> 6 -> 119 -> 113 -> 104 -> 14 -> 105 -> 5 -> 23 -> 22 -> 3 -> 21 -> 18 -> 71 -> 7 -> 66 -> 20 -> 16 -> 19 -> 107 -> 8 -> 10 -> 4 -> 55 -> 123 -> 51 -> 120 -> 56 -> 53 -> 44 -> 102 -> 43 -> 34 -> 35 -> 36 -> 40 -> 13 -> 11 -> 30 -> 26 -> 25 -> 37 -> 38 -> 41 -> 33 -> 42 -> 39 -> 29 -> 24 -> 32 -> 121 -> 27 -> 28 -> 31 -> 75 -> 74 -> 68 -> 62,130095.18820723482
149,100,0.448706242706299,1.9852126368013223,3.4687189232805298,16 -> 20 -> 21 -> 3 -> 22 -> 23 -> 107 -> 19 -> 14 -> 105 -> 5 -> 113 -> 104 -> 6 -> 119 -> 9 -> 114 -> 12 -> 49 -> 4 -> 120 -> 55 -> 123 -> 51 -> 54 -> 65 -> 112 -> 124 -> 88 -> 91 -> 98 -> 64 -> 103 -> 109 -> 108 -> 95 -> 87 -> 86 -> 85 -> 84 -> 118 -> 62 -> 101 -> 100 -> 97 -> 96 -> 122 -> 94 -> 92 -> 126 -> 106 -> 110 -> 111 -> 93 -> 45 -> 117 -> 47 -> 52 -> 48 -> 46 -> 44 -> 102 -> 43 -> 53 -> 56 -> 50 -> 1 -> 15 -> 0 -> 36 -> 35 -> 34 -> 39 -> 41 -> 38 -> 33 -> 42 -> 29 -> 40 -> 13 -> 11 -> 30 -> 26 -> 25 -> 37 -> 121 -> 27 -> 28 -> 31 -> 32 -> 24 -> 79 -> 78 -> 76 -> 17 -> 18 -> 71 -> 7 -> 8 -> 10 -> 2 -> 115 -> 89 -> 59 -> 61 -> 60 -> 90 -> 57 -> 63 -> 99 -> 58 -> 66 -> 72 -> 73 -> 67 -> 70 -> 69 -> 68 -> 74 -> 75 -> 77 -> 116 -> 83 -> 80 -> 125 -> 81 -> 82 -> 16,129752.19669019272
155,110,0.14396370458196991,2.0327308717780315,2.8642823089399494,100 -> 101 -> 62 -> 118 -> 95 -> 108 -> 109 -> 84 -> 85 -> 86 -> 87 -> 103 -> 124 -> 88 -> 91 -> 98 -> 64 -> 112 -> 65 -> 54 -> 46 -> 48 -> 52 -> 117 -> 47 -> 45 -> 93 -> 111 -> 110 -> 106 -> 126 -> 92 -> 94 -> 122 -> 96 -> 97 -> 31 -> 28 -> 32 -> 121 -> 27 -> 24 -> 79 -> 78 -> 76 -> 17 -> 71 -> 7 -> 18 -> 22 -> 3 -> 21 -> 20 -> 16 -> 19 -> 107 -> 5 -> 105 -> 14 -> 104 -> 113 -> 10 -> 8 -> 23 -> 119 -> 6 -> 0 -> 15 -> 1 -> 50 -> 56 -> 53 -> 44 -> 102 -> 43 -> 39 -> 42 -> 33 -> 38 -> 41 -> 37 -> 25 -> 26 -> 30 -> 11 -> 13 -> 40 -> 29 -> 35 -> 36 -> 34 -> 120 -> 4 -> 55 -> 123 -> 51 -> 49 -> 12 -> 114 -> 9 -> 2 -> 89 -> 115 -> 59 -> 61 -> 60 -> 90 -> 57 -> 63 -> 99 -> 58 -> 66 -> 72 -> 73 -> 67 -> 70 -> 69 -> 68 -> 74 -> 75 -> 77 -> 116 -> 83 -> 80 -> 125 -> 81 -> 82 -> 100,123932.69242071785
153,105,0.21684297883831627,2.049323382488337,3.4671213007502,65 -> 54 -> 46 -> 48 -> 52 -> 117 -> 47 -> 45 -> 93 -> 111 -> 110 -> 106 -> 126 -> 92 -> 94 -> 122 -> 96 -> 97 -> 100 -> 101 -> 62 -> 118 -> 95 -> 108 -> 109 -> 86 -> 87 -> 85 -> 84 -> 103 -> 58 -> 61 -> 59 -> 115 -> 89 -> 60 -> 90 -> 57 -> 63 -> 99 -> 2 -> 9 -> 119 -> 6 -> 0 -> 15 -> 1 -> 50 -> 56 -> 53 -> 44 -> 102 -> 43 -> 39 -> 42 -> 33 -> 38 -> 41 -> 37 -> 25 -> 26 -> 30 -> 11 -> 13 -> 40 -> 29 -> 35 -> 36 -> 34 -> 107 -> 19 -> 16 -> 20 -> 21 -> 18 -> 71 -> 7 -> 66 -> 72 -> 73 -> 67 -> 70 -> 69 -> 68 -> 74 -> 75 -> 77 -> 116 -> 83 -> 80 -> 125 -> 81 -> 82 -> 31 -> 28 -> 32 -> 121 -> 27 -> 24 -> 79 -> 78 -> 76 -> 17 -> 14 -> 105 -> 5 -> 23 -> 22 -> 3 -> 113 -> 104 -> 10 -> 8 -> 114 -> 12 -> 49 -> 4 -> 120 -> 55 -> 123 -> 51 -> 112 -> 124 -> 88 -> 91 -> 98 -> 64 -> 65,127383.68305382464
154,101,0.48460833418823285,2.1685269887530536,3.2407984127202294,26 -> 30 -> 11 -> 13 -> 40 -> 29 -> 41 -> 27 -> 32 -> 24 -> 28 -> 31 -> 121 -> 25 -> 37 -> 38 -> 33 -> 42 -> 39 -> 34 -> 36 -> 35 -> 43 -> 102 -> 44 -> 53 -> 56 -> 120 -> 4 -> 55 -> 123 -> 51 -> 54 -> 65 -> 112 -> 124 -> 88 -> 91 -> 98 -> 64 -> 103 -> 109 -> 84 -> 85 -> 86 -> 87 -> 108 -> 95 -> 118 -> 62 -> 74 -> 68 -> 69 -> 70 -> 67 -> 75 -> 77 -> 116 -> 83 -> 80 -> 125 -> 81 -> 82 -> 101 -> 100 -> 97 -> 96 -> 122 -> 94 -> 92 -> 126 -> 106 -> 110 -> 111 -> 93 -> 45 -> 117 -> 47 -> 52 -> 48 -> 46 -> 49 -> 12 -> 114 -> 9 -> 119 -> 2 -> 99 -> 57 -> 63 -> 90 -> 60 -> 61 -> 59 -> 115 -> 89 -> 58 -> 66 -> 72 -> 73 -> 17 -> 76 -> 78 -> 79 -> 21 -> 3 -> 22 -> 23 -> 5 -> 105 -> 14 -> 107 -> 19 -> 16 -> 20 -> 18 -> 71 -> 7 -> 8 -> 10 -> 113 -> 104 -> 6 -> 0 -> 15 -> 1 -> 50 -> 26,128781.90993087759
158,100,0.489740279565725,1.7937357517707933,3.1411042474257798,59 -> 61 -> 60 -> 90 -> 57 -> 63 -> 99 -> 2 -> 8 -> 10 -> 113 -> 104 -> 6 -> 119 -> 9 -> 114 -> 12 -> 49 -> 50 -> 1 -> 15 -> 0 -> 36 -> 34 -> 39 -> 42 -> 33 -> 38 -> 37 -> 25 -> 26 -> 30 -> 11 -> 13 -> 40 -> 29 -> 35 -> 41 -> 24 -> 32 -> 121 -> 27 -> 28 -> 31 -> 79 -> 78 -> 77 -> 116 -> 83 -> 80 -> 125 -> 81 -> 82 -> 101 -> 100 -> 97 -> 96 -> 122 -> 94 -> 92 -> 126 -> 106 -> 110 -> 111 -> 93 -> 45 -> 117 -> 47 -> 52 -> 48 -> 46 -> 123 -> 51 -> 4 -> 55 -> 120 -> 56 -> 53 -> 44 -> 102 -> 43 -> 54 -> 65 -> 112 -> 124 -> 91 -> 88 -> 98 -> 64 -> 103 -> 109 -> 84 -> 85 -> 86 -> 87 -> 108 -> 95 -> 118 -> 62 -> 74 -> 75 -> 67 -> 70 -> 69 -> 68 -> 66 -> 7 -> 71 -> 18 -> 21 -> 3 -> 22 -> 23 -> 107 -> 5 -> 105 -> 14 -> 19 -> 16 -> 20 -> 17 -> 76 -> 73 -> 72 -> 58 -> 115 -> 89 -> 59,130496.41291081767
150,120,0.27627146587768336,2.430153916548881,3.196665743973506,65 -> 112 -> 124 -> 88 -> 91 -> 98 -> 64 -> 103 -> 109 -> 84 -> 85 -> 86 -> 87 -> 108 -> 95 -> 118 -> 62 -> 101 -> 100 -> 97 -> 96 -> 122 -> 94 -> 92 -> 126 -> 106 -> 110 -> 111 -> 93 -> 45 -> 117 -> 47 -> 52 -> 48 -> 46 -> 54 -> 123 -> 51 -> 4 -> 55 -> 120 -> 56 -> 53 -> 44 -> 102 -> 43 -> 39 -> 42 -> 33 -> 38 -> 41 -> 37 -> 25 -> 26 -> 30 -> 11 -> 13 -> 40 -> 29 -> 35 -> 36 -> 34 -> 15 -> 0 -> 6 -> 119 -> 9 -> 2 -> 89 -> 115 -> 59 -> 61 -> 60 -> 90 -> 57 -> 63 -> 99 -> 58 -> 66 -> 72 -> 73 -> 67 -> 70 -> 69 -> 68 -> 74 -> 75 -> 77 -> 116 -> 83 -> 80 -> 125 -> 81 -> 82 -> 31 -> 121 -> 27 -> 32 -> 24 -> 28 -> 79 -> 78 -> 76 -> 17 -> 71 -> 7 -> 18 -> 21 -> 3 -> 22 -> 23 -> 5 -> 105 -> 14 -> 107 -> 19 -> 16 -> 20 -> 104 -> 113 -> 10 -> 8 -> 12 -> 114 -> 49 -> 50 -> 1 -> 65,128447.9501675685
147,105,0.15267992207678918,2.1002931555343616,2.901158352485347,8 -> 10 -> 113 -> 104 -> 6 -> 0 -> 15 -> 1 -> 50 -> 56 -> 53 -> 44 -> 102 -> 43 -> 34 -> 36 -> 35 -> 40 -> 29 -> 26 -> 30 -> 11 -> 13 -> 23 -> 5 -> 105 -> 14 -> 107 -> 19 -> 16 -> 20 -> 21 -> 18 -> 71 -> 7 -> 66 -> 72 -> 73 -> 17 -> 76 -> 78 -> 79 -> 77 -> 75 -> 74 -> 68 -> 69 -> 70 -> 67 -> 116 -> 83 -> 80 -> 125 -> 81 -> 82 -> 100 -> 101 -> 62 -> 118 -> 95 -> 108 -> 86 -> 87 -> 85 -> 84 -> 109 -> 103 -> 124 -> 88 -> 91 -> 98 -> 64 -> 112 -> 65 -> 54 -> 46 -> 52 -> 48 -> 117 -> 47 -> 45 -> 93 -> 111 -> 110 -> 106 -> 126 -> 92 -> 94 -> 122 -> 96 -> 97 -> 31 -> 28 -> 32 -> 24 -> 121 -> 27 -> 25 -> 37 -> 38 -> 41 -> 33 -> 42 -> 39 -> 12 -> 114 -> 49 -> 4 -> 55 -> 120 -> 123 -> 51 -> 63 -> 99 -> 57 -> 89 -> 115 -> 59 -> 61 -> 60 -> 90 -> 58 -> 2 -> 9 -> 119 -> 22 -> 3 -> 8,127858.46592843007
152,103,0.14764196864084245,2.130322225351787,2.881163624526726,112 -> 124 -> 88 -> 91 -> 98 -> 64 -> 103 -> 109 -> 84 -> 85 -> 86 -> 87 -> 108 -> 95 -> 118 -> 62 -> 101 -> 100 -> 97 -> 96 -> 122 -> 94 -> 92 -> 126 -> 106 -> 110 -> 111 -> 93 -> 45 -> 117 -> 47 -> 52 -> 48 -> 46 -> 54 -> 65 -> 123 -> 51 -> 4 -> 55 -> 120 -> 56 -> 53 -> 44 -> 102 -> 43 -> 34 -> 39 -> 42 -> 33 -> 38 -> 41 -> 37 -> 25 -> 26 -> 30 -> 11 -> 13 -> 40 -> 29 -> 35 -> 36 -> 15 -> 0 -> 1 -> 50 -> 49 -> 12 -> 114 -> 9 -> 119 -> 6 -> 104 -> 113 -> 10 -> 8 -> 23 -> 5 -> 105 -> 14 -> 107 -> 19 -> 16 -> 20 -> 21 -> 3 -> 22 -> 18 -> 71 -> 7 -> 66 -> 72 -> 73 -> 67 -> 70 -> 69 -> 68 -> 74 -> 75 -> 77 -> 116 -> 83 -> 80 -> 125 -> 81 -> 82 -> 31 -> 32 -> 121 -> 27 -> 28 -> 24 -> 79 -> 78 -> 76 -> 17 -> 58 -> 61 -> 60 -> 90 -> 57 -> 63 -> 99 -> 2 -> 89 -> 115 -> 59 -> 112,126291.7210895706
161,116,0.1842130929162494,1.8458668000058087,2.692465712426629,99 -> 57 -> 63 -> 90 -> 60 -> 61 -> 59 -> 115 -> 89 -> 58 -> 66 -> 72 -> 73 -> 17 -> 76 -> 78 -> 79 -> 77 -> 116 -> 83 -> 80 -> 125 -> 81 -> 82 -> 101 -> 100 -> 97 -> 96 -> 122 -> 94 -> 92 -> 126 -> 106 -> 110 -> 111 -> 93 -> 45 -> 48 -> 52 -> 117 -> 47 -> 46 -> 54 -> 65 -> 112 -> 124 -> 88 -> 91 -> 98 -> 64 -> 103 -> 109 -> 108 -> 95 -> 118 -> 62 -> 86 -> 87 -> 85 -> 84 -> 70 -> 67 -> 69 -> 68 -> 74 -> 75 -> 24 -> 32 -> 121 -> 27 -> 28 -> 31 -> 25 -> 26 -> 30 -> 11 -> 13 -> 40 -> 29 -> 42 -> 33 -> 38 -> 41 -> 37 -> 39 -> 34 -> 35 -> 36 -> 15 -> 1 -> 50 -> 56 -> 53 -> 43 -> 44 -> 102 -> 123 -> 51 -> 4 -> 55 -> 120 -> 49 -> 12 -> 114 -> 9 -> 119 -> 6 -> 0 -> 104 -> 113 -> 10 -> 8 -> 23 -> 5 -> 105 -> 14 -> 107 -> 19 -> 16 -> 20 -> 21 -> 3 -> 22 -> 18 -> 71 -> 7 -> 2 -> 99,130920.66593140463
157,116,0.1,1.8968308463355354,3.2122871906482224,26 -> 30 -> 11 -> 13 -> 40 -> 29 -> 35 -> 36 -> 34 -> 39 -> 42 -> 33 -> 38 -> 41 -> 37 -> 25 -> 24 -> 28 -> 31 -> 121 -> 27 -> 32 -> 79 -> 78 -> 76 -> 17 -> 73 -> 72 -> 66 -> 67 -> 70 -> 69 -> 68 -> 74 -> 75 -> 77 -> 116 -> 83 -> 80 -> 125 -> 81 -> 82 -> 101 -> 100 -> 97 -> 96 -> 122 -> 94 -> 92 -> 126 -> 106 -> 110 -> 111 -> 93 -> 45 -> 117 -> 47 -> 52 -> 48 -> 46 -> 54 -> 65 -> 112 -> 124 -> 88 -> 91 -> 98 -> 64 -> 103 -> 109 -> 108 -> 95 -> 118 -> 62 -> 85 -> 84 -> 86 -> 87 -> 58 -> 61 -> 60 -> 90 -> 57 -> 63 -> 99 -> 2 -> 89 -> 115 -> 59 -> 23 -> 5 -> 105 -> 14 -> 107 -> 19 -> 16 -> 20 -> 21 -> 3 -> 22 -> 18 -> 71 -> 7 -> 8 -> 10 -> 113 -> 104 -> 6 -> 0 -> 15 -> 1 -> 50 -> 56 -> 53 -> 44 -> 102 -> 43 -> 120 -> 55 -> 123 -> 51 -> 4 -> 49 -> 12 -> 114 -> 9 -> 119 -> 26,131114.38065183628
162,101,0.1,2.2861625734200706,2.927439620169799,65 -> 54 -> 46 -> 52 -> 48 -> 117 -> 47 -> 45 -> 93 -> 111 -> 110 -> 106 -> 126 -> 92 -> 94 -> 122 -> 96 -> 97 -> 100 -> 101 -> 62 -> 118 -> 95 -> 108 -> 109 -> 84 -> 86 -> 87 -> 85 -> 66 -> 72 -> 73 -> 67 -> 70 -> 69 -> 68 -> 74 -> 75 -> 77 -> 116 -> 83 -> 80 -> 125 -> 81 -> 82 -> 31 -> 24 -> 32 -> 121 -> 27 -> 28 -> 79 -> 78 -> 76 -> 17 -> 20 -> 21 -> 3 -> 22 -> 23 -> 5 -> 105 -> 14 -> 107 -> 19 -> 16 -> 18 -> 71 -> 7 -> 8 -> 10 -> 113 -> 104 -> 6 -> 0 -> 15 -> 1 -> 50 -> 56 -> 53 -> 44 -> 102 -> 43 -> 34 -> 39 -> 42 -> 33 -> 38 -> 41 -> 37 -> 25 -> 26 -> 30 -> 11 -> 13 -> 40 -> 29 -> 35 -> 36 -> 12 -> 114 -> 49 -> 4 -> 55 -> 123 -> 51 -> 120 -> 9 -> 119 -> 2 -> 89 -> 115 -> 59 -> 61 -> 60 -> 90 -> 57 -> 63 -> 99 -> 58 -> 103 -> 124 -> 88 -> 91 -> 98 -> 64 -> 112 -> 65,128312.9477981735
150,113,0.2675073533661105,2.3562303290211286,2.7729058778931823,19 -> 16 -> 20 -> 21 -> 3 -> 22 -> 23 -> 107 -> 5 -> 105 -> 14 -> 104 -> 113 -> 10 -> 8 -> 2 -> 89 -> 115 -> 59 -> 61 -> 60 -> 90 -> 57 -> 63 -> 99 -> 58 -> 66 -> 72 -> 73 -> 67 -> 70 -> 69 -> 68 -> 74 -> 75 -> 77 -> 116 -> 83 -> 80 -> 125 -> 81 -> 82 -> 100 -> 101 -> 62 -> 118 -> 95 -> 108 -> 109 -> 84 -> 85 -> 86 -> 87 -> 103 -> 124 -> 88 -> 91 -> 98 -> 64 -> 112 -> 65 -> 54 -> 46 -> 52 -> 48 -> 117 -> 47 -> 45 -> 93 -> 111 -> 110 -> 106 -> 126 -> 92 -> 94 -> 122 -> 96 -> 97 -> 31 -> 28 -> 32 -> 121 -> 27 -> 24 -> 25 -> 26 -> 30 -> 11 -> 13 -> 40 -> 29 -> 42 -> 33 -> 38 -> 37 -> 41 -> 39 -> 34 -> 36 -> 35 -> 15 -> 1 -> 50 -> 56 -> 53 -> 44 -> 102 -> 43 -> 120 -> 4 -> 55 -> 123 -> 51 -> 49 -> 12 -> 114 -> 9 -> 119 -> 6 -> 0 -> 71 -> 7 -> 18 -> 17 -> 76 -> 78 -> 79 -> 19,125054.1004308486
162,112,0.1,1.9276016803460208,2.948064150298905,99 -> 2 -> 89 -> 115 -> 59 -> 61 -> 60 -> 90 -> 57 -> 63 -> 112 -> 124 -> 88 -> 91 -> 98 -> 64 -> 103 -> 109 -> 108 -> 95 -> 118 -> 62 -> 86 -> 87 -> 85 -> 84 -> 58 -> 66 -> 72 -> 73 -> 67 -> 70 -> 69 -> 68 -> 74 -> 75 -> 77 -> 116 -> 83 -> 80 -> 125 -> 81 -> 82 -> 101 -> 100 -> 97 -> 96 -> 122 -> 94 -> 92 -> 126 -> 106 -> 110 -> 111 -> 93 -> 45 -> 117 -> 47 -> 52 -> 48 -> 46 -> 54 -> 65 -> 123 -> 51 -> 4 -> 55 -> 120 -> 56 -> 53 -> 44 -> 102 -> 43 -> 39 -> 34 -> 36 -> 35 -> 40 -> 13 -> 11 -> 30 -> 26 -> 29 -> 42 -> 33 -> 38 -> 41 -> 37 -> 25 -> 24 -> 32 -> 121 -> 27 -> 28 -> 31 -> 79 -> 78 -> 76 -> 17 -> 71 -> 7 -> 18 -> 21 -> 3 -> 22 -> 23 -> 5 -> 105 -> 14 -> 107 -> 19 -> 16 -> 20 -> 113 -> 104 -> 6 -> 0 -> 15 -> 1 -> 50 -> 49 -> 12 -> 114 -> 9 -> 119 -> 8 -> 10 -> 99,129237.94468568455
164,104,0.1,1.817059583296744,2.786629759337305,8 -> 10 -> 113 -> 104 -> 6 -> 0 -> 15 -> 1 -> 50 -> 56 -> 53 -> 44 -> 102 -> 43 -> 39 -> 34 -> 36 -> 35 -> 40 -> 13 -> 11 -> 30 -> 26 -> 29 -> 42 -> 33 -> 38 -> 41 -> 37 -> 25 -> 24 -> 32 -> 121 -> 27 -> 28 -> 31 -> 79 -> 78 -> 76 -> 17 -> 20 -> 16 -> 19 -> 107 -> 14 -> 105 -> 5 -> 23 -> 22 -> 3 -> 21 -> 18 -> 71 -> 7 -> 66 -> 72 -> 73 -> 67 -> 70 -> 69 -> 68 -> 74 -> 75 -> 77 -> 116 -> 83 -> 80 -> 125 -> 81 -> 82 -> 101 -> 100 -> 97 -> 96 -> 122 -> 94 -> 92 -> 126 -> 106 -> 110 -> 111 -> 93 -> 45 -> 117 -> 47 -> 52 -> 48 -> 46 -> 54 -> 65 -> 112 -> 124 -> 88 -> 91 -> 98 -> 64 -> 103 -> 109 -> 108 -> 95 -> 118 -> 62 -> 86 -> 87 -> 85 -> 84 -> 58 -> 61 -> 59 -> 115 -> 89 -> 60 -> 90 -> 57 -> 63 -> 99 -> 2 -> 9 -> 119 -> 12 -> 114 -> 49 -> 120 -> 4 -> 55 -> 123 -> 51 -> 8,127516.01524634157
160,101,0.24057313615712778,2.0151300486778108,3.18023959532294,18 -> 71 -> 7 -> 66 -> 72 -> 73 -> 17 -> 76 -> 78 -> 79 -> 77 -> 116 -> 83 -> 80 -> 125 -> 81 -> 82 -> 101 -> 100 -> 97 -> 96 -> 122 -> 94 -> 92 -> 126 -> 106 -> 110 -> 111 -> 93 -> 45 -> 117 -> 47 -> 52 -> 48 -> 46 -> 54 -> 65 -> 112 -> 124 -> 88 -> 91 -> 98 -> 64 -> 103 -> 109 -> 108 -> 95 -> 118 -> 62 -> 87 -> 86 -> 85 -> 84 -> 70 -> 67 -> 69 -> 68 -> 74 -> 75 -> 24 -> 32 -> 121 -> 27 -> 28 -> 31 -> 25 -> 26 -> 30 -> 11 -> 13 -> 40 -> 29 -> 42 -> 33 -> 38 -> 41 -> 37 -> 35 -> 36 -> 34 -> 39 -> 43 -> 44 -> 102 -> 53 -> 56 -> 120 -> 4 -> 55 -> 123 -> 51 -> 114 -> 12 -> 49 -> 50 -> 1 -> 15 -> 0 -> 6 -> 119 -> 9 -> 2 -> 89 -> 115 -> 59 -> 61 -> 60 -> 90 -> 57 -> 63 -> 99 -> 58 -> 8 -> 10 -> 113 -> 104 -> 14 -> 107 -> 19 -> 16 -> 20 -> 21 -> 3 -> 22 -> 23 -> 5 -> 105 -> 18,130310.49215282692
161,117,0.1240208334004694,2.2102607293992538,2.6921951385901086,55 -> 4 -> 120 -> 56 -> 53 -> 44 -> 102 -> 43 -> 39 -> 34 -> 35 -> 36 -> 40 -> 13 -> 11 -> 30 -> 26 -> 29 -> 42 -> 33 -> 38 -> 41 -> 37 -> 25 -> 24 -> 32 -> 121 -> 27 -> 28 -> 31 -> 79 -> 78 -> 76 -> 17 -> 20 -> 16 -> 19 -> 107 -> 5 -> 105 -> 14 -> 104 -> 113 -> 10 -> 8 -> 23 -> 22 -> 3 -> 21 -> 18 -> 71 -> 7 -> 66 -> 72 -> 73 -> 67 -> 70 -> 69 -> 68 -> 74 -> 75 -> 77 -> 116 -> 83 -> 80 -> 125 -> 81 -> 82 -> 101 -> 100 -> 97 -> 96 -> 122 -> 94 -> 92 -> 126 -> 106 -> 110 -> 111 -> 93 -> 45 -> 117 -> 47 -> 52 -> 48 -> 46 -> 54 -> 65 -> 112 -> 124 -> 88 -> 91 -> 98 -> 64 -> 103 -> 109 -> 108 -> 95 -> 118 -> 62 -> 84 -> 85 -> 86 -> 87 -> 58 -> 61 -> 59 -> 115 -> 89 -> 60 -> 90 -> 57 -> 63 -> 99 -> 2 -> 9 -> 119 -> 6 -> 0 -> 15 -> 1 -> 50 -> 49 -> 12 -> 114 -> 51 -> 123 -> 55,126542.92315274711
160,108,0.23441062659395684,2.1358766745240754,2.9300779593818715,29 -> 40 -> 13 -> 11 -> 30 -> 26 -> 25 -> 37 -> 38 -> 41 -> 33 -> 42 -> 39 -> 34 -> 36 -> 35 -> 15 -> 1 -> 50 -> 56 -> 53 -> 44 -> 102 -> 43 -> 120 -> 55 -> 123 -> 51 -> 4 -> 49 -> 12 -> 114 -> 9 -> 119 -> 6 -> 0 -> 104 -> 113 -> 10 -> 8 -> 23 -> 22 -> 3 -> 21 -> 20 -> 16 -> 19 -> 14 -> 105 -> 5 -> 107 -> 18 -> 71 -> 7 -> 66 -> 72 -> 73 -> 67 -> 70 -> 69 -> 68 -> 74 -> 75 -> 77 -> 116 -> 83 -> 80 -> 125 -> 81 -> 82 -> 101 -> 100 -> 97 -> 96 -> 122 -> 94 -> 92 -> 126 -> 106 -> 110 -> 111 -> 93 -> 45 -> 117 -> 47 -> 52 -> 48 -> 46 -> 54 -> 65 -> 112 -> 124 -> 88 -> 91 -> 98 -> 64 -> 103 -> 109 -> 108 -> 95 -> 118 -> 62 -> 86 -> 85 -> 84 -> 87 -> 58 -> 59 -> 61 -> 60 -> 90 -> 57 -> 63 -> 99 -> 2 -> 89 -> 115 -> 17 -> 76 -> 78 -> 79 -> 24 -> 32 -> 121 -> 27 -> 28 -> 31 -> 29,130562.51568343502
162,119,0.1,1.7073217517948278,2.5433528659233557,3 -> 22 -> 23 -> 5 -> 105 -> 14 -> 107 -> 19 -> 16 -> 20 -> 21 -> 18 -> 71 -> 7 -> 8 -> 10 -> 113 -> 104 -> 6 -> 0 -> 15 -> 1 -> 50 -> 56 -> 53 -> 43 -> 44 -> 102 -> 55 -> 123 -> 51 -> 4 -> 120 -> 49 -> 12 -> 114 -> 9 -> 119 -> 2 -> 89 -> 115 -> 59 -> 61 -> 60 -> 90 -> 57 -> 63 -> 99 -> 58 -> 66 -> 72 -> 73 -> 67 -> 70 -> 69 -> 68 -> 74 -> 75 -> 77 -> 116 -> 83 -> 80 -> 125 -> 81 -> 82 -> 100 -> 101 -> 62 -> 118 -> 95 -> 108 -> 109 -> 84 -> 85 -> 86 -> 87 -> 103 -> 124 -> 88 -> 91 -> 98 -> 64 -> 112 -> 65 -> 54 -> 46 -> 48 -> 52 -> 117 -> 47 -> 45 -> 93 -> 111 -> 110 -> 106 -> 126 -> 92 -> 94 -> 122 -> 96 -> 97 -> 27 -> 121 -> 32 -> 24 -> 28 -> 31 -> 25 -> 37 -> 38 -> 41 -> 33 -> 42 -> 39 -> 34 -> 36 -> 35 -> 40 -> 13 -> 11 -> 30 -> 26 -> 29 -> 79 -> 78 -> 76 -> 17 -> 3,123488.82966682481
147,114,0.1,2.262537273550538,3.011196476402506,35 -> 36 -> 34 -> 39 -> 42 -> 33 -> 38 -> 41 -> 37 -> 25 -> 26 -> 30 -> 11 -> 13 -> 40 -> 29 -> 24 -> 32 -> 121 -> 27 -> 28 -> 31 -> 79 -> 78 -> 76 -> 17 -> 20 -> 16 -> 19 -> 107 -> 5 -> 105 -> 14 -> 104 -> 113 -> 10 -> 8 -> 23 -> 22 -> 3 -> 21 -> 18 -> 71 -> 7 -> 66 -> 72 -> 73 -> 67 -> 70 -> 69 -> 68 -> 74 -> 75 -> 77 -> 116 -> 83 -> 80 -> 125 -> 81 -> 82 -> 101 -> 100 -> 97 -> 96 -> 122 -> 94 -> 92 -> 126 -> 106 -> 110 -> 111 -> 93 -> 45 -> 117 -> 47 -> 52 -> 48 -> 46 -> 54 -> 65 -> 112 -> 124 -> 88 -> 91 -> 98 -> 64 -> 103 -> 109 -> 108 -> 95 -> 118 -> 62 -> 87 -> 86 -> 85 -> 84 -> 58 -> 61 -> 60 -> 90 -> 57 -> 63 -> 99 -> 2 -> 89 -> 115 -> 59 -> 51 -> 123 -> 55 -> 120 -> 4 -> 49 -> 12 -> 114 -> 9 -> 119 -> 6 -> 0 -> 15 -> 1 -> 50 -> 56 -> 53 -> 44 -> 102 -> 43 -> 35,128943.47701276607
154,109,0.1,1.7803852689979494,2.980421868973143,16 -> 20 -> 21 -> 3 -> 22 -> 23 -> 18 -> 71 -> 7 -> 8 -> 10 -> 113 -> 104 -> 14 -> 105 -> 5 -> 107 -> 19 -> 57 -> 63 -> 99 -> 2 -> 89 -> 115 -> 59 -> 61 -> 60 -> 90 -> 58 -> 103 -> 109 -> 84 -> 85 -> 86 -> 87 -> 108 -> 95 -> 118 -> 62 -> 101 -> 100 -> 97 -> 96 -> 122 -> 94 -> 92 -> 126 -> 106 -> 110 -> 111 -> 93 -> 45 -> 117 -> 47 -> 52 -> 48 -> 46 -> 54 -> 65 -> 112 -> 124 -> 88 -> 91 -> 98 -> 64 -> 51 -> 123 -> 55 -> 120 -> 4 -> 49 -> 12 -> 114 -> 9 -> 119 -> 6 -> 0 -> 15 -> 1 -> 50 -> 56 -> 53 -> 44 -> 102 -> 43 -> 39 -> 34 -> 36 -> 35 -> 40 -> 13 -> 11 -> 30 -> 26 -> 29 -> 42 -> 33 -> 38 -> 41 -> 37 -> 25 -> 24 -> 32 -> 121 -> 27 -> 28 -> 31 -> 79 -> 78 -> 76 -> 17 -> 73 -> 72 -> 66 -> 67 -> 70 -> 69 -> 68 -> 74 -> 75 -> 77 -> 116 -> 83 -> 80 -> 125 -> 81 -> 82 -> 16,128147.80273859564
